"","Parcela","Arv","cap","alt","obs"
"1",14,1,"41,5","","ocorrencia de pau jacar√© e subbosque denso"
"2",14,2,"69","",""
"3",14,3,"58","",""
"4",14,4,"64,4","",""
"5",14,5,"74,3","",""
"6",14,6,"65,4","",""
"7",14,7,"57,5","",""
"8",14,8,"56,8","",""
"9",14,9,"39,3","",""
"10",14,10,"65,2","",""
"11",14,11,"50","",""
"12",14,12,"69,4","",""
"13",14,13,"69","",""
"14",14,14,"39,1","",""
"15",14,15,"52,5","26,25",""
"16",14,16,"50,5","26,5",""
"17",14,17,"64,2","31",""
"18",14,18,"45","",""
"19",14,19,"56,7","",""
"20",14,20,"60","",""
"21",14,21,"71,1","",""
"22",14,22,"54","",""
"23",14,23,"55,5","",""
"24",14,24,"24,4","",""
"25",14,25,"17","",""
"26",14,26,"71,5","28",""
"27",14,27,"78,5","32,25",""
"28",14,28,"44,8","27",""
"29",14,29,"50,3","29,25",""
"30",14,30,"43,2","",""
"31",14,31,"58,5","",""
"32",14,32,"49,2","",""
"33",14,33,"64","31,5",""
"34",14,34,"49,7","",""
"35",14,35,"39,9","",""
"36",14,36,"75,5","",""
"37",14,37,"61,1","",""
"38",14,38,"60,7","",""
"39",14,39,"57,7","",""
"40",14,40,"65,5","31,5",""
"41",14,41,"68,5","32,75",""
"42",14,42,"34,5","30,5",""
"43",14,43,"37,8","",""
"44",14,44,"70,7","34",""
"45",14,45,"39,6","",""
"46",14,46,"84,8","33",""
"47",14,47,"82,7","35,5",""
"48",14,48,"22,5","",""
"49",14,49,"71,3","32,5",""
"50",14,50,"47,7","26",""
"51",14,51,"65,6","34,5",""
"52",14,52,"67","",""
"53",14,53,"57,5","",""
"54",14,54,"","","morta"
"55",14,55,"47,7","",""
"56",14,56,"58,7","",""
"57",9,1,"45,5","",""
"58",9,2,"40,7","",""
"59",9,3,"69","28","torta"
"60",9,4,"43","",""
"61",9,5,"44","",""
"62",9,6,"78,9","",""
"63",9,7,"46,5","",""
"64",9,8,"50,2","",""
"65",9,9,"63","",""
"66",9,10,"62,5","",""
"67",9,11,"40","",""
"68",9,12,"29,3","",""
"69",9,13,"50,2","",""
"70",9,14,"71,5","",""
"71",9,15,"42,8","",""
"72",9,16,"59,3","",""
"73",9,17,"54,4","",""
"74",9,18,"75","",""
"75",9,19,"39,6","",""
"76",9,20,"75,9","34",""
"77",9,21,"61,2","33,75",""
"78",9,22,"48,3","29",""
"79",9,23,"33,7","",""
"80",9,24,"52,3","25,75",""
"81",9,25,"71,3","32,25",""
"82",9,26,"47,7","",""
"83",9,27,"50,9","",""
"84",9,28,"45,5","",""
"85",9,29,"49","",""
"86",9,30,"46,5","",""
"87",9,31,"33,5","",""
"88",9,32,"46,2","",""
"89",9,33,"69,4","37",""
"90",9,34,"42,3","",""
"91",9,35,"48,5","29",""
"92",9,36,"69,9","36,5",""
"93",9,37,"32,8","",""
"94",9,38,"68,9","37",""
"95",9,39,"59,6","31",""
"96",9,40,"42,6","",""
"97",9,41,"45,1","",""
"98",9,42,"68","",""
"99",9,43,"64,8","",""
"100",9,44,"65,7","",""
"101",9,45,"46,1","",""
"102",9,46,"51","",""
"103",9,47,"74,4","38",""
"104",9,48,"52,4","31",""
"105",9,49,"69,9","35",""
"106",9,50,"36,4","",""
"107",9,51,"60","34","torta"
"108",9,52,"77,7","36",""
"109",9,53,"17,3","",""
"110",9,54,"52,9","",""
"111",9,55,"53,3","30",""
"112",2,1,"74,5","35,5",""
"113",2,2,"58,7","",""
"114",2,3,"50,2","",""
"115",2,4,"71,4","",""
"116",2,5,"53,5","",""
"117",2,6,"36,7","",""
"118",2,7,"77,9","36",""
"119",2,8,"31,5","",""
"120",2,9,"48,1","27,5",""
"121",2,10,"33,4","",""
"122",2,11,"37","",""
"123",2,12,"32,2","16",""
"124",2,13,"72,3","37,5",""
"125",2,14,"45,7","",""
"126",2,15,"23,1","15,75",""
"127",2,16,"79,8","38",""
"128",2,17,"43,7","28",""
"129",2,18,"60,2","29,5",""
"130",2,19,"48,8","",""
"131",2,20,"73,5","",""
"132",2,21,"59,3","",""
"133",2,22,"90","39,5",""
"134",2,23,"48,3","",""
"135",2,24,"66","34,5",""
"136",2,25,"54","",""
"137",2,26,"48,5","",""
"138",2,27,"37,3","25,25",""
"139",2,28,"42,2","29,5",""
"140",2,29,"41,1","",""
"141",2,30,"66,2","37,5",""
"142",2,31,"72,2","36,5",""
"143",2,32,"71,9","39",""
"144",2,33,"42","",""
"145",2,34,"37,6","19,5",""
"146",2,35,"52,7","",""
"147",2,36,"79,9","",""
"148",2,37,"64,8","",""
"149",2,38,"59,4","",""
"150",2,39,"40,3","",""
"151",2,40,"69,2","",""
"152",2,41,"50,4","",""
"153",2,42,"88","",""
"154",2,43,"56","",""
"155",2,44,"49","",""
"156",2,45,"59","",""
"157",2,46,"58,1","",""
"158",2,47,"55","",""
"159",2,48,"53,9","",""
"160",2,49,"46,4","",""
"161",2,50,"48,5","",""
"162",2,51,"84","",""
"163",2,52,"59","",""
"164",2,53,"46,9","",""
"165",2,54,"34","",""
"166",2,55,"77","",""
"167",2,56,"49,8","",""
"168",1,1,"63","34,75",""
"169",1,2,"62,5","","parasitada"
"170",1,3,"44,2","",""
"171",1,4,"48,7","",""
"172",1,5,"46,8","",""
"173",1,6,"66,6","31,5",""
"174",1,7,"55,7","30,75",""
"175",1,8,"57,5","30",""
"176",1,9,"46,2","","ponteira seca"
"177",1,10,"51,2","","ponteira seca"
"178",1,11,"68","31,5",""
"179",1,12,"65,4","31,75",""
"180",1,13,"63,7","",""
"181",1,14,"77,5","29,25",""
"182",1,15,"82,2","32,25",""
"183",1,16,"62,3","",""
"184",1,17,"68,5","33",""
"185",1,18,"45","29",""
"186",1,19,"42","",""
"187",1,20,"59,2","35",""
"188",1,21,"76","37",""
"189",1,22,"77,7","",""
"190",1,23,"71,4","",""
"191",1,24,"68,7","",""
"192",1,25,"32,3","",""
"193",1,26,"68","",""
"194",1,27,"27,2","",""
"195",1,28,"43,5","",""
"196",1,29,"44,7","",""
"197",1,30,"35,8","",""
"198",1,31,"33","","ponteira seca"
"199",1,32,"60,7","",""
"200",1,33,"63","","torta"
"201",1,34,"65,2","",""
"202",1,35,"70,1","",""
"203",1,36,"38,8","",""
"204",1,37,"59,3","","ponteira seca e torta"
"205",1,38,"","","morta"
"206",1,39,"53,6","",""
"207",1,40,"14,2","",""
"208",13,1,"44","21,9",""
"209",13,2,"64,5","",""
"210",13,3,"57,3","",""
"211",13,4,"67,5","",""
"212",13,5,"55,4","","invasora"
"213",13,6,"40,4","15,6","parasitada"
"214",13,7,"57","27,7",""
"215",13,8,"54,9","29,7",""
"216",13,9,"71,5","",""
"217",13,10,"39,8","","morta"
"218",13,11,"70,5","",""
"219",13,12,"53,3","",""
"220",13,13,"45,5","",""
"221",13,14,"67,7","",""
"222",13,15,"29,5","","parasitada"
"223",13,16,"73,6","",""
"224",13,17,"75","",""
"225",13,18,"36,7","",""
"226",13,19,"79","",""
"227",13,20,"50,8","",""
"228",13,21,"55,5","",""
"229",13,22,"55,4","",""
"230",13,23,"53,5","",""
"231",13,24,"58,4","",""
"232",13,25,"74,5","28,7",""
"233",13,26,"49,9","","parasitada"
"234",13,27,"71,3","",""
"235",13,28,"58","27,1",""
"236",13,29,"74","",""
"237",13,30,"51,6","23,1",""
"238",13,31,"72","30,4",""
"239",13,32,"46,4","",""
"240",13,33,"70","33,9",""
"241",13,34,"70,5","",""
"242",13,35,"36","18,3",""
"243",13,36,"64","",""
"244",13,37,"36,3","",""
"245",13,38,"67","",""
"246",13,39,"54,1","26,5",""
"247",13,40,"45,4","",""
"248",13,41,"51,7","",""
"249",13,42,"52,4","30,7",""
"250",13,43,"56","24,5",""
"251",13,44,"72,2","",""
"252",13,45,"52,6","23,5",""
"253",13,46,"51","",""
"254",13,47,"45,1","",""
"255",13,48,"61,9","27,7","parasitada"
"256",13,49,"","","morta"
"257",13,50,"64,2","25",""
"258",13,51,"47,3","",""
"259",13,52,"40,5","",""
"260",13,53,"67","",""
"261",10,1,"52,4","25,2",""
"262",10,2,"78,7","",""
"263",10,3,"50,4","25,8",""
"264",10,4,"57,5","",""
"265",10,5,"42,1","",""
"266",10,6,"61,8","31",""
"267",10,7,"59,3","",""
"268",10,8,"33,2","18,1",""
"269",10,9,"73,6","",""
"270",10,10,"43,2","",""
"271",10,11,"54,5","27,3",""
"272",10,12,"63","",""
"273",10,13,"47,4","",""
"274",10,14,"52,1","28,7",""
"275",10,15,"46,2","",""
"276",10,16,"40","18,1",""
"277",10,17,"71,9","",""
"278",10,18,"42,3","",""
"279",10,19,"56,3","",""
"280",10,20,"58,5","",""
"281",10,21,"51,4","",""
"282",10,22,"42,3","",""
"283",10,23,"52,4","",""
"284",10,24,"70","29,9",""
"285",10,25,"51,7","26,3",""
"286",10,26,"49,5","",""
"287",10,27,"54","26,3",""
"288",10,28,"37,5","",""
"289",10,29,"61,7","",""
"290",10,30,"65","",""
"291",10,31,"63,4","32,3",""
"292",10,32,"55,4","",""
"293",10,33,"","","morta"
"294",10,34,"41,8","",""
"295",10,35,"62,4","31,2",""
"296",10,36,"37,6","",""
"297",10,37,"31,5","17,2",""
"298",10,38,"41,4","",""
"299",10,39,"75,1","",""
"300",10,40,"28,4","16,3",""
"301",10,41,"","","morta"
"302",10,42,"74,2","",""
"303",10,43,"58,3","",""
"304",10,44,"39,7","22,7",""
"305",10,45,"36,4","",""
"306",10,46,"33,6","",""
"307",10,47,"40,8","",""
"308",10,48,"","","morta"
"309",10,49,"65,2","32,9",""
"310",10,50,"30","",""
"311",10,51,"32,4","",""
"312",10,52,"60,6","",""
"313",10,53,"64,4","31,2",""
"314",10,54,"52,5","",""
"315",10,55,"62,3","31,3",""
"316",10,56,"39,4","22,3",""
"317",10,57,"54,4","",""
"318",10,58,"55,4","",""
"319",10,59,"48,6","",""
"320",10,60,"35","",""
"321",4,1,"46,3","",""
"322",4,2,"40,6","",""
"323",4,3,"38,5","20,3",""
"324",4,4,"55,3","25,1",""
"325",4,5,"45,4","",""
"326",4,6,"71,3","",""
"327",4,7,"37,1","22,8",""
"328",4,8,"43,2","",""
"329",4,9,"32","",""
"330",4,10,"53,5","",""
"331",4,11,"68,5","31,2",""
"332",4,12,"57","",""
"333",4,13,"46,4","",""
"334",4,14,"50,7","",""
"335",4,15,"67,5","",""
"336",4,16,"66,3","",""
"337",4,17,"63","",""
"338",4,18,"61,6","29,3",""
"339",4,19,"43,4","",""
"340",4,20,"62,5","",""
"341",4,21,"49,4","25,7",""
"342",4,22,"59,3","",""
"343",4,23,"59,4","",""
"344",4,24,"71,1","29,7",""
"345",4,25,"34,3","19",""
"346",4,26,"35,5","",""
"347",4,27,"73,4","",""
"348",4,28,"49","24,9",""
"349",4,29,"62","",""
"350",4,30,"55,8","",""
"351",4,31,"52","",""
"352",4,32,"54","",""
"353",4,33,"52,5","27,6",""
"354",4,34,"43","21",""
"355",4,35,"62,5","28,4",""
"356",4,36,"41","",""
"357",4,37,"35,4","",""
"358",4,38,"57,3","",""
"359",4,39,"40,6","23,6",""
"360",4,40,"50","",""
"361",4,41,"65,2","",""
"362",4,42,"39,1","",""
"363",4,43,"43,5","",""
"364",4,44,"71","",""
"365",4,45,"43,4","",""
"366",4,46,"45,6","",""
"367",4,47,"","","morta"
"368",4,48,"36,3","",""
"369",4,49,"48,5","22,7",""
"370",4,50,"67,6","30",""
"371",4,51,"62,1","",""
"372",4,52,"49,4","",""
"373",4,53,"64","27,7",""
"374",4,54,"30","",""
"375",4,55,"75,6","31,7",""
"376",4,56,"51,5","",""
"377",4,57,"61","25,5",""
"378",5,1,"52","",""
"379",5,2,"72,2","",""
"380",5,3,"38,6","",""
"381",5,4,"35,6","19,8",""
"382",5,5,"34","",""
"383",5,6,"51,4","32,5",""
"384",5,7,"60","",""
"385",5,8,"66,5","",""
"386",5,9,"46,3","25,5",""
"387",5,10,"71","32,9",""
"388",5,11,"36","",""
"389",5,12,"72","",""
"390",5,13,"47,3","",""
"391",5,14,"58","28,3",""
"392",5,15,"56","",""
"393",5,16,"77,7","",""
"394",5,17,"49,9","",""
"395",5,18,"","","morta"
"396",5,19,"","","morta"
"397",5,20,"41","23,1",""
"398",5,21,"38","21,7",""
"399",5,22,"","","morta"
"400",5,23,"47,8","",""
"401",5,24,"31","",""
"402",5,25,"57,3","29,4",""
"403",5,26,"43","",""
"404",5,27,"46,4","",""
"405",5,28,"41,4","25",""
"406",5,29,"72,2","31",""
"407",5,30,"42,2","",""
"408",5,31,"77,2","",""
"409",5,32,"65","28,9",""
"410",5,33,"69","",""
"411",5,34,"57,5","30,2",""
"412",5,35,"58,5","31,7",""
"413",5,36,"75,5","",""
"414",5,37,"69,4","",""
"415",5,38,"53","32,5",""
"416",5,39,"39","",""
"417",5,40,"24,6","",""
"418",5,41,"35,5","",""
"419",5,42,"17,3","",""
"420",5,43,"35,6","",""
"421",5,44,"71,3","",""
"422",5,45,"46,8","",""
"423",5,46,"68","",""
"424",5,47,"32,7","",""
"425",5,48,"68,6","32,5",""
"426",5,49,"34","",""
"427",5,50,"45","",""
"428",5,51,"29","16,7",""
"429",5,52,"18","",""
"430",5,53,"32,8","",""
"431",5,54,"49,5","25,2",""
"432",5,55,"75,6","",""
"433",6,1,"55,5","26,8",""
"434",6,2,"62,5","",""
"435",6,3,"55,5","",""
"436",6,4,"62,3","",""
"437",6,5,"44,4","",""
"438",6,6,"55,7","",""
"439",6,7,"60,4","",""
"440",6,8,"72,5","16,1",""
"441",6,9,"39,4","35,2",""
"442",6,10,"76,4","34,1",""
"443",6,11,"45,3","",""
"444",6,12,"70,5","",""
"445",6,13,"42,1","21,3",""
"446",6,14,"84,4","35",""
"447",6,15,"34","18,2",""
"448",6,16,"80,4","",""
"449",6,17,"29,5","",""
"450",6,18,"47,4","",""
"451",6,19,"32,5","",""
"452",6,20,"51","19,8",""
"453",6,21,"25,4","",""
"454",6,22,"28","","bifurcada abaixo do dap"
"455",6,23,"37","",""
"456",6,24,"48,6","",""
"457",6,25,"50","",""
"458",6,26,"37,7","","invasora"
"459",6,27,"48,5","",""
"460",6,28,"59,4","",""
"461",6,29,"30","",""
"462",6,30,"29","",""
"463",6,31,"58,2","",""
"464",6,32,"78,7","",""
"465",6,33,"54","",""
"466",6,34,"58","",""
"467",6,35,"73","33,5",""
"468",6,36,"63","28",""
"469",6,37,"24","","parasitada"
"470",6,38,"43,2","",""
"471",6,39,"46,3","",""
"472",6,40,"53,2","",""
"473",6,41,"28","",""
"474",6,42,"77","31,6",""
"475",6,43,"41,2","",""
"476",6,44,"47","24,6",""
"477",6,45,"61,3","33",""
"478",6,46,"48","",""
"479",6,47,"55","",""
"480",6,48,"28,4","",""
"481",6,49,"81","",""
"482",6,50,"89","36,2",""
"483",6,51,"58,5","",""
"484",6,52,"77,8","33,8",""
"485",6,53,"52,2","",""
"486",6,54,"27,5","","bifurcada abaixo do dap"
"487",6,55,"82,5","30,8",""
"488",6,56,"57,7","29",""
"489",6,57,"77,1","33,9",""
"490",15,1,"42,1","22,8",""
"491",15,2,"87","35,7",""
"492",15,3,"80","",""
"493",15,4,"26,4","",""
"494",15,5,"46,25","",""
"495",15,6,"99","",""
"496",15,7,"49,5","",""
"497",15,8,"53","",""
"498",15,9,"37","","bifurcada abaixo do dap"
"499",15,10,"86","",""
"500",15,11,"41","14,5",""
"501",15,12,"68,6","35,1",""
"502",15,13,"53,9","22,5",""
"503",15,14,"80,4","36,7",""
"504",15,15,"86,2","",""
"505",15,16,"49","",""
"506",15,17,"69","",""
"507",15,18,"42","",""
"508",15,19,"68,5","",""
"509",15,20,"58","",""
"510",15,21,"65,5","26,8",""
"511",15,22,"57","",""
"512",15,23,"67","",""
"513",15,24,"55,4","",""
"514",15,25,"59,6","",""
"515",15,26,"71,5","",""
"516",15,27,"71,4","",""
"517",15,28,"81","",""
"518",15,29,"55","",""
"519",15,30,"67,3","26,8",""
"520",15,31,"42,6","19,8",""
"521",15,32,"70,1","",""
"522",15,33,"95,3","36,8",""
"523",15,34,"55,3","",""
"524",15,35,"49,5","",""
"525",15,36,"89,6","",""
"526",15,37,"45","",""
"527",15,38,"44,6","",""
"528",15,39,"80","34,5",""
"529",15,40,"68,8","26,1",""
"530",15,41,"43,8","",""
"531",15,42,"69,5","28,5",""
"532",15,43,"37","17,5",""
"533",15,44,"72","25,1",""
"534",15,45,"48,8","",""
"535",15,46,"33,5","",""
"536",15,47,"43,1","",""
"537",15,48,"46,4","",""
"538",15,49,"42,2","",""
"539",15,50,"32","",""
"540",15,51,"45","32",""
"541",15,52,"51,2","27,8",""
"542",15,53,"80,5","",""
"543",15,54,"54,1","",""
"544",7,1,"63,1","34,75",""
"545",7,2,"77,1","36,75",""
"546",7,3,"50,9","",""
"547",7,4,"45,8","",""
"548",7,5,"54,2","35,75",""
"549",7,6,"55,8","33,5",""
"550",7,7,"62,6","",""
"551",7,8,"53,8","",""
"552",7,9,"","","morta"
"553",7,10,"67,2","34",""
"554",7,11,"55,7","",""
"555",7,12,"59,3","",""
"556",7,13,"39,7","",""
"557",7,14,"45","",""
"558",7,15,"64,3","",""
"559",7,16,"65,4","",""
"560",7,17,"52,8","",""
"561",7,18,"61","",""
"562",7,19,"55,3","",""
"563",7,20,"49,4","",""
"564",7,21,"65,7","",""
"565",7,22,"23,8","14,25",""
"566",7,23,"72,1","35,5",""
"567",7,24,"49,4","",""
"568",7,25,"38,6","",""
"569",7,26,"60","",""
"570",7,27,"41,4","",""
"571",7,28,"45,4","",""
"572",7,29,"29,3","20,25",""
"573",7,30,"44,4","",""
"574",7,31,"61,8","36,5",""
"575",7,32,"32,7","",""
"576",7,33,"64,3","36,5",""
"577",7,34,"35,4","",""
"578",7,35,"46,8","",""
"579",7,36,"65,6","39",""
"580",7,37,"57,6","32,75",""
"581",7,38,"39","",""
"582",7,39,"63,5","33,5",""
"583",7,40,"27,2","",""
"584",7,41,"74,5","32",""
"585",7,42,"64,3","31,75",""
"586",7,43,"64,6","36",""
"587",7,44,"40,1","",""
"588",7,45,"46,2","",""
"589",7,46,"52,6","",""
"590",7,47,"47","",""
"591",7,48,"29,7","17",""
"592",7,49,"55,5","",""
"593",7,50,"36,6","25,5",""
"594",7,51,"65,5","",""
"595",7,52,"57,8","",""
"596",7,53,"43,9","",""
"597",7,54,"80,3","",""
"598",7,55,"47,6","",""
"599",7,56,"45,6","",""
"600",7,57,"62,3","",""
"601",7,58,"49,3","",""
"602",7,59,"46,1","",""
"603",7,60,"68,6","",""
"604",8,1,"19,1","",""
"605",8,2,"36,6","",""
"606",8,3,"72","",""
"607",8,4,"50,4","",""
"608",8,5,"37,9","",""
"609",8,6,"54,5","25,75",""
"610",8,7,"70,1","33,5",""
"611",8,8,"19,6","",""
"612",8,9,"27,4","",""
"613",8,10,"25","16,5",""
"614",8,11,"75,4","32",""
"615",8,12,"71,5","30",""
"616",8,13,"33,4","21",""
"617",8,14,"62,1","",""
"618",8,15,"58,6","",""
"619",8,16,"60,2","34,75",""
"620",8,17,"38,9","20,75",""
"621",8,18,"68,4","32",""
"622",8,19,"75,3","32,75",""
"623",8,20,"41,8","",""
"624",8,21,"40,2","",""
"625",8,22,"46,1","",""
"626",8,23,"62,9","",""
"627",8,24,"65,9","33",""
"628",8,25,"36,9","21,75",""
"629",8,26,"74","31",""
"630",8,27,"33,1","",""
"631",8,28,"73","",""
"632",8,29,"41,7","",""
"633",8,30,"33,5","",""
"634",8,31,"52,7","",""
"635",8,32,"47,7","",""
"636",8,33,"73,5","32,75",""
"637",8,34,"45,5","33",""
"638",8,35,"54,3","",""
"639",8,36,"55","32,65",""
"640",8,37,"20,7","14,75",""
"641",8,38,"34,2","",""
"642",8,39,"33,3","",""
"643",8,40,"37,8","",""
"644",8,41,"26,2","",""
"645",8,42,"51,1","",""
"646",8,43,"58,3","",""
"647",8,44,"46","",""
"648",8,45,"41,5","",""
"649",8,46,"56,7","",""
"650",8,47,"69,6","",""
"651",8,48,"65,6","",""
"652",8,49,"54,3","",""
"653",8,50,"56,3","",""
"654",8,51,"49","",""
"655",8,52,"43,4","",""
"656",8,53,"55,1","",""
"657",8,54,"60,2","",""
"658",12,1,"46,4","",""
"659",12,2,"46,5","24,7",""
"660",12,3,"27","15","bifurcada acima do dap"
"661",12,4,"41,6","",""
"662",12,5,"32,3","",""
"663",12,6,"66","32,6",""
"664",12,7,"27","",""
"665",12,8,"42,4","21,6",""
"666",12,9,"65,1","",""
"667",12,10,"61,2","31,4",""
"668",12,11,"46,7","21,1",""
"669",12,12,"26,2","",""
"670",12,13,"54,4","",""
"671",12,14,"63,6","35",""
"672",12,15,"","","morta"
"673",12,16,"52,1","",""
"674",12,17,"67,9","33,3",""
"675",12,18,"55,4","32,9",""
"676",12,19,"30,6","",""
"677",12,20,"38,5","",""
"678",12,21,"23,1","",""
"679",12,22,"58,5","",""
"680",12,23,"65","",""
"681",12,24,"45","29,1",""
"682",12,25,"52,4","",""
"683",12,26,"31,6","",""
"684",12,27,"47,5","",""
"685",12,28,"44,5","",""
"686",12,29,"35","",""
"687",12,30,"73,6","32,5",""
"688",12,31,"41,7","",""
"689",12,32,"44,4","",""
"690",12,33,"56,6","31",""
"691",12,34,"32,2","",""
"692",12,35,"70,2","33",""
"693",12,36,"29","",""
"694",12,37,"59,9","",""
"695",12,38,"53,8","",""
"696",12,39,"48,4","",""
"697",12,40,"64","33,4",""
"698",12,41,"39,5","",""
"699",12,42,"37,6","",""
"700",12,43,"51,1","",""
"701",12,44,"68,5","33",""
"702",12,45,"46","",""
"703",12,46,"67,4","",""
"704",12,47,"56","",""
"705",12,48,"56,6","",""
"706",12,49,"41,3","",""
"707",12,50,"59,2","",""
"708",12,51,"55,3","",""
"709",12,52,"59","",""
"710",12,53,"27,9","16,6",""
"711",12,54,"39,6","",""
"712",12,55,"55,1","",""
"713",12,56,"59","33,6",""
"714",11,1,"42,6","19,6",""
"715",11,2,"58","31",""
"716",11,3,"32","",""
"717",11,4,"37,4","",""
"718",11,5,"49,4","28,3",""
"719",11,6,"65,4","",""
"720",11,7,"63","27,3",""
"721",11,8,"36,2","",""
"722",11,9,"52,8","",""
"723",11,10,"35,3","",""
"724",11,11,"46,5","",""
"725",11,12,"68,5","31,1",""
"726",11,13,"65,4","",""
"727",11,14,"46","",""
"728",11,15,"57,3","",""
"729",11,16,"47,9","28",""
"730",11,17,"42,2","",""
"731",11,18,"61","",""
"732",11,19,"48,3","",""
"733",11,20,"53,2","",""
"734",11,21,"67,5","",""
"735",11,22,"36","28,1",""
"736",11,23,"48,4","",""
"737",11,24,"67,5","36,4",""
"738",11,25,"67,5","",""
"739",11,26,"64,6","33,9",""
"740",11,27,"51,1","",""
"741",11,28,"61,6","",""
"742",11,29,"44,5","",""
"743",11,30,"65,3","",""
"744",11,31,"52","",""
"745",11,32,"40,9","25,3",""
"746",11,33,"42,5","",""
"747",11,34,"68","",""
"748",11,35,"22,5","",""
"749",11,36,"46","27,9",""
"750",11,37,"69","",""
"751",11,38,"29,6","",""
"752",11,39,"44,5","",""
"753",11,40,"51,5","",""
"754",11,41,"55,3","35,1",""
"755",11,42,"54,5","",""
"756",11,43,"72,3","38",""
"757",11,44,"37,3","29,4",""
"758",11,45,"45,4","",""
"759",11,46,"66,5","36,7",""
"760",11,47,"62","",""
"761",11,48,"55,6","",""
"762",11,49,"54","",""
"763",11,50,"37,5","",""
"764",11,51,"71,4","35,4",""
"765",11,52,"63,7","",""
"766",11,53,"40,5","",""
"767",11,54,"67,5","34,1",""
"768",11,55,"61,2","",""
"769",21,1,"59,5","32,6",""
"770",21,2,"53,6","",""
"771",21,3,"49","",""
"772",21,4,"75,3","37,1",""
"773",21,5,"42,6","",""
"774",21,6,"59,5","",""
"775",21,7,"55,9","",""
"776",21,8,"73,5","",""
"777",21,9,"59,5","",""
"778",21,10,"49","27,1",""
"779",21,11,"55,6","",""
"780",21,12,"","","morta"
"781",21,13,"81","38,7",""
"782",21,14,"42,5","",""
"783",21,15,"61,4","",""
"784",21,16,"84","36,3",""
"785",21,17,"","","morta"
"786",21,18,"39,1","23,2",""
"787",21,19,"71,1","33,4",""
"788",21,20,"51,6","",""
"789",21,21,"33,6","",""
"790",21,22,"43,5","25,3",""
"791",21,23,"56","",""
"792",21,24,"47,5","",""
"793",21,25,"72","",""
"794",21,26,"71,6","",""
"795",21,27,"55,6","",""
"796",21,28,"44","23,7",""
"797",21,29,"63,1","33,3",""
"798",21,30,"57,2","",""
"799",21,31,"","","morta"
"800",21,32,"73,8","",""
"801",21,33,"46,4","",""
"802",21,34,"41,2","",""
"803",21,35,"77","",""
"804",21,36,"49","",""
"805",21,37,"39,6","",""
"806",21,38,"75,5","35,3",""
"807",21,39,"25,5","14,6",""
"808",21,40,"71","37,9",""
"809",21,41,"45,9","",""
"810",21,42,"66,7","",""
"811",21,43,"69,3","",""
"812",21,44,"44,2","",""
"813",21,45,"62,5","",""
"814",21,46,"74,4","30,7",""
"815",21,47,"43,5","33,2",""
"816",21,48,"60,4","",""
"817",21,49,"67","",""
"818",17,1,"63","",""
"819",17,2,"68,9","34,5",""
"820",17,3,"30","",""
"821",17,4,"62,7","",""
"822",17,5,"71,3","29,6",""
"823",17,6,"27,4","",""
"824",17,7,"32,6","","bifurcada acima do dap"
"825",17,8,"31,8","",""
"826",17,9,"50","",""
"827",17,10,"56,7","29,1",""
"828",17,11,"68,9","29,8",""
"829",17,12,"71,5","",""
"830",17,13,"56,5","",""
"831",17,14,"35,6","","bifurcada"
"832",17,15,"52,8","",""
"833",17,16,"54,2","",""
"834",17,17,"33,4","",""
"835",17,18,"33,5","",""
"836",17,19,"73,4","",""
"837",17,20,"44,1","17,7",""
"838",17,21,"72,9","31,4",""
"839",17,22,"20,3","",""
"840",17,23,"51,6","",""
"841",17,24,"61,2","",""
"842",17,25,"54","",""
"843",17,26,"70,1","",""
"844",17,27,"71","",""
"845",17,28,"66,4","",""
"846",17,29,"49,8","",""
"847",17,30,"","","morta"
"848",17,31,"81","",""
"849",17,32,"47,4","",""
"850",17,33,"74,9","34,8",""
"851",17,34,"64","",""
"852",17,35,"45,6","25,5",""
"853",17,36,"79,7","37,6",""
"854",17,37,"71,2","33,5",""
"855",17,38,"39,6","22,6",""
"856",17,39,"46,8","24,4",""
"857",17,40,"47,7","",""
"858",17,41,"78,9","",""
"859",17,42,"44,5","",""
"860",17,43,"43,2","23,3",""
"861",17,44,"59,2","27,9",""
"862",20,1,"62,6","",""
"863",20,2,"64,4","",""
"864",20,3,"47,4","",""
"865",20,4,"47,8","24,4",""
"866",20,5,"52,1","29,7",""
"867",20,6,"64,6","",""
"868",20,7,"74,8","33",""
"869",20,8,"30,4","35,2",""
"870",20,9,"32","",""
"871",20,10,"51,4","",""
"872",20,11,"69,7","",""
"873",20,12,"50,5","",""
"874",20,13,"63,7","",""
"875",20,14,"47,9","",""
"876",20,15,"36,7","",""
"877",20,16,"54,4","",""
"878",20,17,"79,1","",""
"879",20,18,"79,7","",""
"880",20,19,"75,1","",""
"881",20,20,"35,7","20,5",""
"882",20,21,"60","30,9",""
"883",20,22,"73,8","33,3",""
"884",20,23,"88,6","",""
"885",20,24,"70,7","",""
"886",20,25,"87","",""
"887",20,26,"79,1","",""
"888",20,27,"80,8","",""
"889",20,28,"68","",""
"890",20,29,"24","",""
"891",20,30,"33,1","",""
"892",20,31,"22,8","18,5",""
"893",20,32,"45,1","22,4",""
"894",20,33,"42","",""
"895",20,34,"50,9","27,9",""
"896",20,35,"56,3","",""
"897",20,36,"51,9","",""
"898",20,37,"70,1","",""
"899",20,38,"22,2","",""
"900",20,39,"75,3","37,4",""
"901",20,40,"78,3","36,4",""
"902",20,41,"69,5","",""
"903",20,42,"58","28,6",""
"904",20,43,"34","","bifurcada acima do dap"
"905",20,44,"49,8","30,1",""
"906",20,45,"43","29,2",""
"907",20,46,"67,3","32,7",""
"908",20,47,"65,3","",""
"909",20,48,"24,6","",""
"910",20,49,"82,2","",""
"911",20,50,"41,7","",""
"912",20,51,"29,7","","bifurcada acima do dap"
"913",19,1,"46,6","",""
"914",19,2,"83,1","30,7",""
"915",19,3,"49,4","22,9",""
"916",19,4,"82,2","33,5",""
"917",19,5,"90,7","33,3","cancro"
"918",19,6,"42,5","19,8",""
"919",19,7,"69,4","33",""
"920",19,8,"63,4","",""
"921",19,9,"82,7","",""
"922",19,10,"54,9","",""
"923",19,11,"93,2","",""
"924",19,12,"43,7","20,6","bifurcada"
"925",19,13,"75,8","",""
"926",19,14,"46,8","",""
"927",19,15,"35,5","",""
"928",19,16,"62,7","",""
"929",19,17,"48,6","",""
"930",19,18,"35","",""
"931",19,19,"64,7","",""
"932",19,20,"89","29",""
"933",19,21,"65,9","",""
"934",19,22,"57,5","",""
"935",19,23,"70,2","",""
"936",19,24,"52,8","",""
"937",19,25,"42,1","21,8",""
"938",19,26,"47,1","",""
"939",19,27,"60,2","28,7",""
"940",19,28,"34,5","",""
"941",19,29,"43,2","",""
"942",19,30,"34,5","17",""
"943",19,31,"60,7","",""
"944",19,32,"51,7","27,1",""
"945",19,33,"53,7","",""
"946",19,34,"82,5","",""
"947",19,35,"73,9","35,6",""
"948",19,36,"52,1","",""
"949",19,37,"30,1","16,2",""
"950",19,38,"73,7","",""
"951",19,39,"95,4","",""
"952",19,40,"42,5","",""
"953",19,41,"86,4","",""
"954",19,42,"","","morta"
"955",19,43,"52,3","26",""
"956",19,44,"37,6","",""
"957",19,45,"89,5","",""
"958",19,46,"46","",""
"959",19,47,"77,2","",""
"960",19,48,"57,7","",""
"961",19,49,"70,2","",""
"962",18,1,"29,6","12,6",""
"963",18,2,"55,4","27,9",""
"964",18,3,"76,9","",""
"965",18,4,"43,5","",""
"966",18,5,"69","31,7",""
"967",18,6,"56","24,3",""
"968",18,7,"40,7","",""
"969",18,8,"35,2","17,3",""
"970",18,9,"56,5","28,7",""
"971",18,10,"32,1","",""
"972",18,11,"64,7","28,9",""
"973",18,12,"69","",""
"974",18,13,"48","22,2",""
"975",18,14,"50,8","",""
"976",18,15,"36,1","17,9",""
"977",18,16,"52,5","",""
"978",18,17,"92,2","37,4",""
"979",18,18,"30,4","",""
"980",18,19,"67,8","",""
"981",18,20,"45,4","18,2",""
"982",18,21,"42,8","",""
"983",18,22,"30,6","",""
"984",18,23,"62,5","",""
"985",18,24,"49,8","",""
"986",18,25,"54,4","",""
"987",18,26,"31,1","",""
"988",18,27,"58,7","",""
"989",18,28,"79,8","33,3",""
"990",18,29,"72,5","",""
"991",18,30,"61,4","",""
"992",18,31,"38,5","",""
"993",18,32,"40,5","",""
"994",18,33,"73,6","",""
"995",18,34,"45,4","",""
"996",18,35,"51,8","",""
"997",18,36,"46,5","25,5",""
"998",18,37,"","","morta"
"999",18,38,"","","morta"
"1000",18,39,"70,7","28,9",""
"1001",18,40,"37","",""
"1002",18,41,"51,8","",""
"1003",18,42,"60","",""
"1004",18,43,"39,8","",""
"1005",18,44,"52,6","26,9",""
"1006",18,45,"","","morta"
"1007",18,46,"","","morta"
"1008",18,47,"","","morta"
